Sr. No.,ISO-twodigit,ISO-3digit,ISO-numeric,Country Name,IS0_Country_Name,R_1,R_2,R_3,L_1,L_2,L_3,RR_1,RNR_1,RR_2,RNR_2,RR_3,RNR_3,VV_1,VV_2,VV_3,,
1,AF,AFG,4,Afghanistan,Afghanistan,0.48,0.51,0.01,0.31,0.07,0.00,0.59,0.38,0.41,0.60,0.00,0.01, 0.63 , 0.13 , 0.11 ,,
2,AX,ALA,248,Aland Islands,Aland Islands,0.88,0.12,0.00,0.56,0.02,0.00,0.88,0.88,0.12,0.12,0.00,0.00, 0.63 , 0.13 , 0.11 ,,
3,AL,ALB,8,Albania,Albania,0.51,0.07,0.42,0.32,0.01,0.05,0.51,0.51,0.07,0.07,0.42,0.42, 0.63 , 0.13 , 0.11 ,,
4,DZ,DZA,12,Algeria,Algeria,0.23,0.00,0.78,0.14,0.00,0.09,0.30,0.15,0.00,0.00,0.70,0.85, 0.63 , 0.13 , 0.11 ,,
5,AS,ASM,16,American Samoa,American Samoa,0.00,0.90,0.10,0.00,0.12,0.01,0.00,0.00,0.90,0.90,0.10,0.10, 0.63 , 0.13 , 0.11 ,,
6,AD,AND,20,Andorra,Andorra,0.00,0.01,1.00,0.00,0.00,0.11,0.00,0.00,0.01,0.00,0.99,1.00, 0.63 , 0.13 , 0.11 ,,
7,AO,AGO,24,Angola,Angola,0.80,0.20,0.00,0.51,0.03,0.00,0.80,0.80,0.20,0.20,0.00,0.00, 0.63 , 0.13 , 0.11 ,,
8,AI,AIA,660,Anguilla,Anguilla,0.00,0.09,0.91,0.00,0.01,0.10,0.00,0.00,0.09,0.09,0.91,0.91, 0.63 , 0.13 , 0.11 ,,
9,AQ,ATA,10,Antarctica,Antarctica,0.00,0.00,0.00,0.00,0.00,0.00,0.00,0.00,0.00,0.00,0.00,0.00, 0.63 , 0.13 , 0.11 ,,
10,AG,ATG,28,Antigua and Barbuda,Antigua and Barbuda,0.00,0.67,0.33,0.00,0.09,0.04,0.00,0.00,0.67,0.67,0.33,0.33, 0.63 , 0.13 , 0.11 ,,
11,AR,ARG,32,Argentina,Argentina,0.50,0.00,0.50,0.32,0.00,0.06,0.50,0.50,0.00,0.00,0.50,0.50, 0.63 , 0.13 , 0.11 ,,
12,AM,ARM,51,Armenia,Armenia,0.00,0.75,0.25,0.00,0.10,0.03,0.00,0.00,0.75,0.75,0.25,0.25, 0.63 , 0.13 , 0.11 ,,
13,AW,ABW,533,Aruba,Aruba,0.95,0.05,0.00,0.60,0.01,0.00,0.95,0.95,0.05,0.05,0.00,0.00, 0.63 , 0.13 , 0.11 ,,
14,AU,AUS,36,Australia,Australia,0.68,0.32,0.00,0.43,0.04,0.00,0.68,0.68,0.32,0.32,0.00,0.00, 0.63 , 0.13 , 0.11 ,,
15,AT,AUT,40,Austria,Austria,0.14,0.62,0.24,0.09,0.08,0.03,0.14,0.14,0.62,0.62,0.24,0.24, 0.63 , 0.13 , 0.11 ,,
16,AZ,AZE,31,Azerbaijan,Azerbaijan,0.00,0.75,0.25,0.00,0.10,0.03,0.00,0.00,0.75,0.75,0.25,0.25, 0.63 , 0.13 , 0.11 ,,
17,BS,BHS,44,Bahamas,Bahamas,0.55,0.45,0.00,0.35,0.06,0.00,0.55,0.55,0.45,0.45,0.00,0.00, 0.63 , 0.13 , 0.11 ,,
18,BH,BHR,48,Bahrain,Bahrain,0.90,0.02,0.09,0.57,0.00,0.01,0.90,0.90,0.02,0.02,0.09,0.09, 0.63 , 0.13 , 0.11 ,,
19,BD,BGD,50,Bangladesh,Bangladesh,0.56,0.44,0.00,0.35,0.06,0.00,0.56,0.56,0.44,0.44,0.00,0.00, 0.63 , 0.13 , 0.11 ,,
20,BB,BRB,52,Barbados,Barbados,0.05,0.74,0.21,0.03,0.10,0.02,0.05,0.05,0.74,0.74,0.21,0.21, 0.63 , 0.13 , 0.11 ,,
21,BY,BLR,112,Belarus,Belarus,0.35,0.33,0.32,0.22,0.04,0.04,0.35,0.35,0.33,0.33,0.32,0.32, 0.63 , 0.13 , 0.11 ,,
22,BE,BEL,56,Belgium,Belgium,0.08,0.80,0.12,0.05,0.11,0.01,0.08,0.08,0.80,0.80,0.12,0.12, 0.63 , 0.13 , 0.11 ,,
23,BZ,BLZ,84,Belize,Belize,0.08,0.79,0.12,0.05,0.11,0.01,0.08,0.08,0.79,0.79,0.12,0.12, 0.63 , 0.13 , 0.11 ,,
24,BJ,BEN,204,Benin,Benin,0.95,0.05,0.00,0.60,0.01,0.00,0.95,0.95,0.05,0.05,0.00,0.00, 0.63 , 0.13 , 0.11 ,,
25,BM,BMU,60,Bermuda,Bermuda,0.65,0.35,0.00,0.41,0.05,0.00,0.65,0.65,0.35,0.35,0.00,0.00, 0.63 , 0.13 , 0.11 ,,
26,BT,BTN,64,Bhutan,Bhutan,0.96,0.01,0.03,0.61,0.00,0.00,0.96,0.96,0.01,0.01,0.03,0.03, 0.63 , 0.13 , 0.11 ,,
27,BO,BOL,68,Bolivia,Plurinational State of Bolivia,0.38,0.62,0.00,0.24,0.08,0.00,0.38,0.38,0.62,0.62,0.00,0.00, 0.63 , 0.13 , 0.11 ,,
28,BQ,BES,535,Bonaire,"Bonaire, Sint Eustatius and Saba",0.80,0.20,0.00,0.51,0.03,0.00,0.80,0.80,0.20,0.20,0.00,0.00, 0.63 , 0.13 , 0.11 ,,
29,BA,BIH,70,Bosnia and Herzegovina,Bosnia and Herzegovina,0.58,0.23,0.20,0.37,0.03,0.02,0.58,0.58,0.23,0.23,0.20,0.20, 0.63 , 0.13 , 0.11 ,,
30,BW,BWA,72,Botswana,Botswana,0.88,0.12,0.00,0.56,0.02,0.00,0.88,0.88,0.12,0.12,0.00,0.00, 0.63 , 0.13 , 0.11 ,,
31,BV,BVT,74,Bouvet Island,Bouvet Island,0.88,0.12,0.00,0.56,0.02,0.00,0.88,0.88,0.12,0.12,0.00,0.00, 0.63 , 0.13 , 0.11 ,,
32,BR,BRA,76,Brazil,Brazil,0.90,0.10,0.00,0.57,0.01,0.00,0.90,0.90,0.10,0.10,0.00,0.00, 0.63 , 0.13 , 0.11 ,,
33,IO,IOT,86,British Indian Ocean Territory,British Indian Ocean Territory,0.00,1.00,0.00,0.00,0.13,0.00,0.00,0.00,1.00,1.00,0.00,0.00, 0.63 , 0.13 , 0.11 ,,
34,BN,BRN,96,Brunei Darussalam,Brunei Darussalam,0.05,0.64,0.31,0.03,0.09,0.03,0.05,0.05,0.64,0.64,0.31,0.31, 0.63 , 0.13 , 0.11 ,,
35,BG,BGR,100,Bulgaria,Bulgaria,0.59,0.38,0.03,0.38,0.05,0.00,0.59,0.59,0.38,0.38,0.03,0.03, 0.63 , 0.13 , 0.11 ,,
36,BF,BFA,854,Burkina Faso,Burkina Faso,0.95,0.05,0.00,0.60,0.01,0.00,0.95,0.95,0.05,0.05,0.00,0.00, 0.63 , 0.13 , 0.11 ,,
37,BI,BDI,108,Burundi,Burundi,0.48,0.52,0.00,0.31,0.07,0.00,0.48,0.48,0.52,0.52,0.00,0.00, 0.63 , 0.13 , 0.11 ,,
38,KH,KHM,116,Cambodia,Cambodia,0.36,0.21,0.44,0.22,0.03,0.05,0.36,0.36,0.21,0.21,0.44,0.44, 0.63 , 0.13 , 0.11 ,,
39,CM,CMR,120,Cameroon,Cameroon,0.17,0.83,0.00,0.11,0.11,0.00,0.17,0.17,0.83,0.83,0.00,0.00, 0.63 , 0.13 , 0.11 ,,
40,CA,CAN,124,Canada,Canada,0.05,0.87,0.09,0.03,0.12,0.01,0.05,0.05,0.87,0.87,0.09,0.09, 0.63 , 0.13 , 0.11 ,,
41,CV,CPV,132,Cape Verde,Cape Verde,0.93,0.06,0.01,0.59,0.01,0.00,0.93,0.93,0.06,0.06,0.01,0.01, 0.63 , 0.13 , 0.11 ,,
42,KY,CYM,136,the Cayman Islands,Cayman Islands,0.38,0.62,0.00,0.24,0.08,0.00,0.38,0.38,0.62,0.62,0.00,0.00, 0.63 , 0.13 , 0.11 ,,
43,CF,CAF,140,Central African Republic,Central African Republic of,0.91,0.01,0.08,0.58,0.00,0.01,0.91,0.91,0.01,0.01,0.08,0.08, 0.63 , 0.13 , 0.11 ,,
44,TD,TCD,148,Chad,Chad,0.95,0.05,0.00,0.60,0.01,0.00,0.95,0.95,0.05,0.05,0.00,0.00, 0.63 , 0.13 , 0.11 ,,
45,CL,CHL,152,Chile,Chile,0.02,0.47,0.52,0.01,0.06,0.06,0.03,0.01,0.46,0.47,0.51,0.52, 0.63 , 0.13 , 0.11 ,,
46,CN,CHN,156,China,China,0.89,0.07,0.04,0.56,0.01,0.00,0.88,0.90,0.10,0.05,0.03,0.05, 0.63 , 0.13 , 0.11 ,,
47,CX,CXR,162,Christmas Island,Christmas Island,0.68,0.32,0.00,0.43,0.04,0.00,0.68,0.68,0.32,0.32,0.00,0.00, 0.63 , 0.13 , 0.11 ,,
48,CC,CCK,166,the Cocos (Keeling) Islands,Cocos (Keeling) Islands,0.30,0.19,0.51,0.19,0.03,0.06,0.30,0.30,0.19,0.19,0.51,0.51, 0.63 , 0.13 , 0.11 ,,
49,CO,COL,170,Colombia,Colombia,0.38,0.56,0.07,0.24,0.08,0.01,0.35,0.40,0.62,0.50,0.03,0.10, 0.63 , 0.13 , 0.11 ,,
50,KM,COM,174,Comoros,Comoros,0.48,0.52,0.00,0.31,0.07,0.00,0.48,0.48,0.52,0.52,0.00,0.00, 0.63 , 0.13 , 0.11 ,,
51,CG,COG,178,Congo,Congo,0.17,0.83,0.00,0.11,0.11,0.00,0.17,0.17,0.83,0.83,0.00,0.00, 0.63 , 0.13 , 0.11 ,,
52,CD,COD,180,the Democratic Republic of the Congo,"Congo, the Democratic Republic of the",0.80,0.20,0.00,0.51,0.03,0.00,0.80,0.80,0.20,0.20,0.00,0.00, 0.63 , 0.13 , 0.11 ,,
53,CK,COK,184,the Cook Islands,Cook Islands,0.53,0.38,0.09,0.34,0.05,0.01,0.53,0.53,0.38,0.38,0.09,0.09, 0.63 , 0.13 , 0.11 ,,
54,CR,CRI,188,Costa Rica,Costa Rica,0.24,0.76,0.00,0.15,0.10,0.00,0.24,0.24,0.76,0.76,0.00,0.00, 0.63 , 0.13 , 0.11 ,,
55,CI,CIV,384,Cote d'Ivoire,Cote d'Ivoire,0.95,0.05,0.00,0.60,0.01,0.00,0.95,0.95,0.05,0.05,0.00,0.00, 0.63 , 0.13 , 0.11 ,,
56,HR,HRV,191,Croatia,Croatia,0.58,0.23,0.20,0.37,0.03,0.02,0.58,0.58,0.23,0.23,0.20,0.20, 0.63 , 0.13 , 0.11 ,,
57,CU,CUB,192,Cuba,Cuba,0.00,0.39,0.62,0.00,0.05,0.07,0.00,0.00,0.39,0.39,0.62,0.62, 0.63 , 0.13 , 0.11 ,,
58,CW,CUW,531,Cura袯,Cura袯,0.80,0.20,0.00,0.51,0.03,0.00,0.80,0.80,0.20,0.20,0.00,0.00, 0.63 , 0.13 , 0.11 ,,
59,CY,CYP,196,Cyprus,Cyprus,0.14,0.13,0.73,0.09,0.02,0.08,0.15,0.14,0.13,0.12,0.72,0.74, 0.63 , 0.13 , 0.11 ,,
60,CZ,CZE,203,Czech Republic,Czech Republic,0.58,0.12,0.30,0.37,0.02,0.03,0.58,0.58,0.12,0.12,0.30,0.30, 0.63 , 0.13 , 0.11 ,,
61,DK,DNK,208,Denmark,Denmark,0.00,0.80,0.20,0.00,0.11,0.02,0.00,0.00,0.80,0.80,0.20,0.20, 0.63 , 0.13 , 0.11 ,,
62,DJ,DJI,262,Djibouti,Djibouti,0.16,0.81,0.03,0.10,0.11,0.00,0.16,0.16,0.81,0.81,0.03,0.03, 0.63 , 0.13 , 0.11 ,,
63,DM,DMA,212,Dominica,Dominica,0.05,0.83,0.12,0.03,0.11,0.01,0.05,0.05,0.83,0.83,0.12,0.12, 0.63 , 0.13 , 0.11 ,,
64,DO,DOM,214,the Dominican Republic,Dominican Republic,0.02,0.98,0.00,0.02,0.13,0.00,0.02,0.02,0.98,0.98,0.00,0.00, 0.63 , 0.13 , 0.11 ,,
65,EC,ECU,218,Ecuador,Ecuador,0.95,0.05,0.00,0.60,0.01,0.00,0.95,0.95,0.05,0.05,0.00,0.00, 0.63 , 0.13 , 0.11 ,,
66,EG,EGY,818,Egypt,Egypt,0.70,0.30,0.00,0.44,0.04,0.00,0.70,0.70,0.30,0.30,0.00,0.00, 0.63 , 0.13 , 0.11 ,,
67,SV,SLV,222,El Salvador,El Salvador,0.48,0.52,0.00,0.30,0.07,0.00,0.48,0.48,0.52,0.52,0.00,0.00, 0.63 , 0.13 , 0.11 ,,
68,GQ,GNQ,226,Equatorial Guinea,Equatorial Guinea,0.25,0.75,0.00,0.16,0.10,0.00,0.25,0.25,0.75,0.75,0.00,0.00, 0.63 , 0.13 , 0.11 ,,
69,ER,ERI,232,Eritrea,Eritrea,0.80,0.20,0.00,0.51,0.03,0.00,0.80,0.80,0.20,0.20,0.00,0.00, 0.63 , 0.13 , 0.11 ,,
70,EE,EST,233,Estonia,Estonia,0.07,0.24,0.70,0.04,0.03,0.08,0.07,0.07,0.24,0.24,0.70,0.70, 0.63 , 0.13 , 0.11 ,,
71,ET,ETH,231,Ethiopia,Ethiopia,0.16,0.81,0.03,0.10,0.11,0.00,0.16,0.16,0.81,0.81,0.03,0.03, 0.63 , 0.13 , 0.11 ,,
72,FK,FLK,238,the Falkland Islands (Malvinas),Falkland Islands (Malvinas),0.50,0.00,0.50,0.32,0.00,0.06,0.50,0.50,0.00,0.00,0.50,0.50, 0.63 , 0.13 , 0.11 ,,
73,FO,FRO,234,the Faroe Islands,Faroe Islands,0.54,0.47,0.00,0.34,0.06,0.00,0.54,0.54,0.47,0.47,0.00,0.00, 0.63 , 0.13 , 0.11 ,,
74,FJ,FJI,242,Fiji,Fiji,0.11,0.59,0.30,0.07,0.08,0.03,0.11,0.11,0.59,0.59,0.30,0.30, 0.63 , 0.13 , 0.11 ,,
75,FI,FIN,246,Finland,Finland,0.05,0.88,0.07,0.03,0.12,0.01,0.05,0.05,0.88,0.88,0.07,0.07, 0.63 , 0.13 , 0.11 ,,
76,FR,FRA,250,France,France,0.14,0.62,0.24,0.09,0.08,0.03,0.14,0.14,0.62,0.62,0.24,0.24, 0.63 , 0.13 , 0.11 ,,
77,GF,GUF,254,French Guiana,French Guiana,0.90,0.10,0.00,0.57,0.01,0.00,0.90,0.90,0.10,0.10,0.00,0.00, 0.63 , 0.13 , 0.11 ,,
78,PF,PYF,258,French Polynesia,French Polynesia,0.53,0.38,0.09,0.34,0.05,0.01,0.53,0.53,0.38,0.38,0.09,0.09, 0.63 , 0.13 , 0.11 ,,
79,TF,ATF,260,the French Southern Territories,French Southern Territories,0.68,0.32,0.00,0.43,0.04,0.00,0.68,0.68,0.32,0.32,0.00,0.00, 0.63 , 0.13 , 0.11 ,,
80,GA,GAB,266,Gabon,Gabon,0.25,0.75,0.00,0.16,0.10,0.00,0.25,0.25,0.75,0.75,0.00,0.00, 0.63 , 0.13 , 0.11 ,,
81,GM,GMB,270,Gambia,Gambia,0.95,0.05,0.00,0.60,0.01,0.00,0.95,0.95,0.05,0.05,0.00,0.00, 0.63 , 0.13 , 0.11 ,,
82,GE,GEO,268,Georgia,Georgia,0.20,0.55,0.25,0.13,0.07,0.03,0.20,0.20,0.55,0.55,0.25,0.25, 0.63 , 0.13 , 0.11 ,,
83,DE,DEU,276,Germany,Germany,0.03,0.79,0.18,0.02,0.11,0.02,0.06,0.01,0.84,0.74,0.11,0.26, 0.63 , 0.13 , 0.11 ,,
84,GH,GHA,288,Ghana,Ghana,0.99,0.01,0.00,0.63,0.00,0.00,0.99,0.99,0.01,0.01,0.00,0.00, 0.63 , 0.13 , 0.11 ,,
85,GI,GIB,292,Gibraltar,Gibraltar,0.00,0.01,1.00,0.00,0.00,0.11,0.00,0.00,0.01,0.00,0.99,1.00, 0.63 , 0.13 , 0.11 ,,
86,GR,GRC,300,Greece,Greece,0.22,0.55,0.23,0.14,0.07,0.03,0.21,0.24,0.52,0.57,0.27,0.19, 0.63 , 0.13 , 0.11 ,,
87,GL,GRL,304,Greenland,Greenland,0.00,0.90,0.10,0.00,0.12,0.01,0.00,0.00,1.00,0.80,0.00,0.20, 0.63 , 0.13 , 0.11 ,,
88,GD,GRD,308,Grenada,Grenada,0.01,0.87,0.12,0.01,0.12,0.01,0.01,0.01,0.87,0.87,0.12,0.12, 0.63 , 0.13 , 0.11 ,,
89,GP,GLP,312,Guadeloupe,Guadeloupe,0.03,0.76,0.21,0.02,0.10,0.02,0.03,0.03,0.76,0.76,0.21,0.21, 0.63 , 0.13 , 0.11 ,,
90,GU,GUM,316,Guam,Guam,0.05,0.64,0.31,0.03,0.09,0.03,0.05,0.05,0.64,0.64,0.31,0.31, 0.63 , 0.13 , 0.11 ,,
91,GT,GTM,320,Guatemala,Guatemala,0.17,0.07,0.76,0.11,0.01,0.08,0.22,0.13,0.13,0.00,0.65,0.87, 0.63 , 0.13 , 0.11 ,,
92,GG,GGY,831,Guernsey,Guernsey,0.00,0.93,0.08,0.00,0.12,0.01,0.00,0.00,1.00,0.85,0.00,0.15, 0.63 , 0.13 , 0.11 ,,
93,GN,GIN,324,Guinea,Guinea,0.98,0.00,0.02,0.62,0.00,0.00,0.98,0.98,0.00,0.00,0.02,0.02, 0.63 , 0.13 , 0.11 ,,
94,GW,GNB,624,Guinea-Bissau,Guinea-Bissau,0.96,0.02,0.02,0.61,0.00,0.00,0.96,0.96,0.02,0.02,0.02,0.02, 0.63 , 0.13 , 0.11 ,,
95,GY,GUY,328,Guyana,Guyana,0.02,0.92,0.06,0.01,0.12,0.01,0.02,0.02,0.92,0.92,0.06,0.06, 0.63 , 0.13 , 0.11 ,,
96,HT,HTI,332,Haiti,Haiti,0.09,0.14,0.78,0.05,0.02,0.09,0.09,0.09,0.14,0.14,0.78,0.78, 0.63 , 0.13 , 0.11 ,,
97,HM,HMD,334,Heard Island and McDonald Islands,Heard Island and McDonald Islands,0.68,0.32,0.00,0.43,0.04,0.00,0.68,0.68,0.32,0.32,0.00,0.00, 0.63 , 0.13 , 0.11 ,,
98,VA,VAT,336,the Holy See (Vatican City State),Holy See (Vatican City State),0.14,0.62,0.24,0.09,0.08,0.03,0.14,0.14,0.62,0.62,0.24,0.24, 0.63 , 0.13 , 0.11 ,,
99,HN,HND,340,Honduras,Honduras,0.38,0.62,0.00,0.24,0.08,0.00,0.38,0.38,0.62,0.62,0.00,0.00, 0.63 , 0.13 , 0.11 ,,
100,HK,HKG,344,Hong Kong,Hong Kong,0.02,0.34,0.64,0.01,0.05,0.07,0.02,0.02,0.32,0.36,0.66,0.62, 0.63 , 0.13 , 0.11 ,,
101,HU,HUN,348,Hungary,Hungary,0.57,0.23,0.20,0.36,0.03,0.02,0.57,0.57,0.23,0.23,0.20,0.20, 0.63 , 0.13 , 0.11 ,,
102,IS,ISL,352,Iceland,Iceland,0.00,0.93,0.08,0.00,0.12,0.01,0.00,0.00,1.00,0.85,0.00,0.15, 0.63 , 0.13 , 0.11 ,,
103,IN,IND,356,India,India,0.66,0.33,0.01,0.42,0.04,0.00,0.84,0.49,0.15,0.51,0.01,0.00, 0.63 , 0.13 , 0.11 ,,
104,ID,IDN,360,Indonesia,Indonesia,0.00,0.80,0.20,0.00,0.11,0.02,0.00,0.00,0.95,0.65,0.05,0.35, 0.63 , 0.13 , 0.11 ,,
105,IR,IRN,364,the Islamic Republic of Iran,"Iran, Islamic Republic of",0.48,0.51,0.01,0.31,0.07,0.00,0.59,0.38,0.41,0.60,0.00,0.01, 0.63 , 0.13 , 0.11 ,,
106,IQ,IRQ,368,Iraq,Iraq,0.80,0.20,0.00,0.51,0.03,0.00,0.80,0.80,0.20,0.20,0.00,0.00, 0.63 , 0.13 , 0.11 ,,
107,IE,IRL,372,Ireland,Ireland,0.00,0.90,0.10,0.00,0.12,0.01,0.00,0.00,1.00,0.80,0.00,0.20, 0.63 , 0.13 , 0.11 ,,
108,IM,IMN,833,Isle of Man,Isle of Man,0.00,0.93,0.08,0.00,0.12,0.01,0.00,0.00,1.00,0.85,0.00,0.15, 0.63 , 0.13 , 0.11 ,,
109,IL,ISR,376,Israel,Israel,0.70,0.30,0.00,0.44,0.04,0.00,0.70,0.70,0.30,0.30,0.00,0.00, 0.63 , 0.13 , 0.11 ,,
110,IT,ITA,380,Italy,Italy,0.14,0.62,0.24,0.09,0.08,0.03,0.14,0.14,0.62,0.62,0.24,0.24, 0.63 , 0.13 , 0.11 ,,
111,JM,JAM,388,Jamaica,Jamaica,0.38,0.62,0.00,0.24,0.08,0.00,0.38,0.38,0.62,0.62,0.00,0.00, 0.63 , 0.13 , 0.11 ,,
112,JP,JPN,392,Japan,Japan,0.00,0.76,0.24,0.00,0.10,0.03,0.00,0.00,1.00,0.52,0.00,0.48, 0.63 , 0.13 , 0.11 ,,
113,JE,JEY,832,Jersey,Jersey,0.00,0.93,0.08,0.00,0.12,0.01,0.00,0.00,1.00,0.85,0.00,0.15, 0.63 , 0.13 , 0.11 ,,
114,JO,JOR,400,Jordan,Jordan,0.70,0.30,0.00,0.44,0.04,0.00,0.70,0.70,0.30,0.30,0.00,0.00, 0.63 , 0.13 , 0.11 ,,
115,KZ,KAZ,398,Kazakhstan,Kazakhstan,0.07,0.24,0.70,0.04,0.03,0.08,0.07,0.07,0.24,0.24,0.70,0.70, 0.63 , 0.13 , 0.11 ,,
116,KE,KEN,404,Kenya,Kenya,0.80,0.20,0.00,0.51,0.03,0.00,0.80,0.80,0.20,0.20,0.00,0.00, 0.63 , 0.13 , 0.11 ,,
117,KI,KIR,296,Kiribati,Kiribati,0.53,0.38,0.09,0.34,0.05,0.01,0.53,0.53,0.38,0.38,0.09,0.09, 0.63 , 0.13 , 0.11 ,,
118,KP,PRK,408,the Democratic People's Republic of Korea,"Korea, Democratic People's Republic of",0.07,0.24,0.70,0.04,0.03,0.08,0.07,0.07,0.24,0.24,0.70,0.70, 0.63 , 0.13 , 0.11 ,,
119,KR,KOR,410,the Republic of Korea,"Korea, Republic of",0.00,0.76,0.24,0.00,0.10,0.03,0.00,0.00,1.00,0.52,0.00,0.48, 0.63 , 0.13 , 0.11 ,,
120,KW,KWT,414,Kuwait,Kuwait,0.48,0.51,0.01,0.31,0.07,0.00,0.59,0.38,0.41,0.60,0.00,0.01, 0.63 , 0.13 , 0.11 ,,
121,KG,KGZ,417,Kyrgyzstan,Kyrgyzstan,0.29,0.14,0.57,0.18,0.02,0.06,0.29,0.29,0.14,0.14,0.57,0.57, 0.63 , 0.13 , 0.11 ,,
122,LA,LAO,418,the Lao People's Democratic Republic,Lao People's Democratic Republic,0.05,0.95,0.00,0.03,0.13,0.00,0.05,0.05,0.95,0.95,0.00,0.00, 0.63 , 0.13 , 0.11 ,,
123,LV,LVA,428,Latvia,Latvia,0.07,0.24,0.70,0.04,0.03,0.08,0.07,0.07,0.24,0.24,0.70,0.70, 0.63 , 0.13 , 0.11 ,,
124,LB,LBN,422,Lebanon,Lebanon,0.60,0.40,0.00,0.38,0.05,0.00,0.60,0.60,0.40,0.40,0.00,0.00, 0.63 , 0.13 , 0.11 ,,
125,LS,LSO,426,Lesotho,Lesotho,0.88,0.12,0.00,0.56,0.02,0.00,0.88,0.88,0.12,0.12,0.00,0.00, 0.63 , 0.13 , 0.11 ,,
126,LR,LBR,430,Liberia,Liberia,0.95,0.05,0.00,0.60,0.01,0.00,0.95,0.95,0.05,0.05,0.00,0.00, 0.63 , 0.13 , 0.11 ,,
127,LY,LBY,434,Libyan Arab Jamahiriya,Libyan Arab Jamahiriya,0.80,0.20,0.00,0.51,0.03,0.00,0.80,0.80,0.20,0.20,0.00,0.00, 0.63 , 0.13 , 0.11 ,,
128,LI,LIE,438,Liechtenstein,Liechtenstein,0.00,0.01,1.00,0.00,0.00,0.11,0.00,0.00,0.01,0.00,0.99,1.00, 0.63 , 0.13 , 0.11 ,,
129,LT,LTU,440,Lithuania,Lithuania,0.12,0.77,0.11,0.08,0.10,0.01,0.12,0.12,0.77,0.77,0.11,0.11, 0.63 , 0.13 , 0.11 ,,
130,LU,LUX,442,Luxembourg,Luxembourg,0.00,0.93,0.08,0.00,0.12,0.01,0.00,0.00,1.00,0.85,0.00,0.15, 0.63 , 0.13 , 0.11 ,,
131,MO,MAC,446,Macao,Macao,0.00,0.93,0.08,0.00,0.12,0.01,0.00,0.00,1.00,0.85,0.00,0.15, 0.63 , 0.13 , 0.11 ,,
132,MK,MKD,807,the former Yugoslav Republic of Macedonia,"Macedonia, the former Yugoslav Republic of",0.13,0.42,0.46,0.08,0.06,0.05,0.25,0.00,0.35,0.48,0.40,0.52, 0.63 , 0.13 , 0.11 ,,
133,MG,MDG,450,Madagascar,Madagascar,0.48,0.52,0.00,0.31,0.07,0.00,0.48,0.48,0.52,0.52,0.00,0.00, 0.63 , 0.13 , 0.11 ,,
134,MW,MWI,454,Malawi,Malawi,0.48,0.52,0.00,0.31,0.07,0.00,0.48,0.48,0.52,0.52,0.00,0.00, 0.63 , 0.13 , 0.11 ,,
135,MY,MYS,458,Malaysia,Malaysia,0.05,0.64,0.31,0.03,0.09,0.03,0.05,0.05,0.64,0.64,0.31,0.31, 0.63 , 0.13 , 0.11 ,,
136,MV,MDV,462,the Maldives,Maldives,0.53,0.38,0.09,0.34,0.05,0.01,0.53,0.53,0.38,0.38,0.09,0.09, 0.63 , 0.13 , 0.11 ,,
137,ML,MLI,466,Mali,Mali,0.23,0.00,0.78,0.14,0.00,0.09,0.30,0.15,0.00,0.00,0.70,0.85, 0.63 , 0.13 , 0.11 ,,
138,MT,MLT,470,Malta,Malta,0.14,0.62,0.24,0.09,0.08,0.03,0.14,0.14,0.62,0.62,0.24,0.24, 0.63 , 0.13 , 0.11 ,,
139,MH,MHL,584,the Marshall Islands,Marshall Islands,0.00,0.93,0.08,0.00,0.12,0.01,0.00,0.00,1.00,0.85,0.00,0.15, 0.63 , 0.13 , 0.11 ,,
140,MQ,MTQ,474,Martinique,Martinique,0.16,0.54,0.30,0.10,0.07,0.03,0.16,0.16,0.54,0.54,0.30,0.30, 0.63 , 0.13 , 0.11 ,,
141,MR,MRT,478,Mauritania,Mauritania,0.23,0.00,0.78,0.14,0.00,0.09,0.30,0.15,0.00,0.00,0.70,0.85, 0.63 , 0.13 , 0.11 ,,
142,MU,MUS,480,Mauritius,Mauritius,0.00,1.00,0.00,0.00,0.13,0.00,0.00,0.00,1.00,1.00,0.00,0.00, 0.63 , 0.13 , 0.11 ,,
143,YT,MYT,175,Mayotte,Mayotte,0.12,0.88,0.00,0.08,0.12,0.00,0.12,0.12,0.88,0.88,0.00,0.00, 0.63 , 0.13 , 0.11 ,,
144,MX,MEX,484,Mexico,Mexico,0.60,0.37,0.03,0.38,0.05,0.00,0.60,0.60,0.37,0.37,0.03,0.03, 0.63 , 0.13 , 0.11 ,,
145,FM,FSM,583,the Federated States of Micronesia,"Micronesia, Federated States of ",0.53,0.38,0.09,0.34,0.05,0.01,0.53,0.53,0.38,0.38,0.09,0.09, 0.63 , 0.13 , 0.11 ,,
146,MD,MDA,498,the Republic of Moldova,"Moldova, Republic of ",0.61,0.03,0.36,0.39,0.00,0.04,0.61,0.61,0.03,0.03,0.36,0.36, 0.63 , 0.13 , 0.11 ,,
147,MC,MCO,492,Monaco,Monaco,0.14,0.62,0.24,0.09,0.08,0.03,0.14,0.14,0.62,0.62,0.24,0.24, 0.63 , 0.13 , 0.11 ,,
148,MN,MNG,496,Mongolia,Mongolia,0.07,0.24,0.70,0.04,0.03,0.08,0.07,0.07,0.24,0.24,0.70,0.70, 0.63 , 0.13 , 0.11 ,,
149,ME,MNE,499,Montenegro,Montenegro,0.58,0.23,0.20,0.37,0.03,0.02,0.58,0.58,0.23,0.23,0.20,0.20, 0.63 , 0.13 , 0.11 ,,
150,MS,MSR,500,Montserrat,Montserrat,0.01,0.62,0.38,0.01,0.08,0.04,0.01,0.01,0.62,0.62,0.38,0.38, 0.63 , 0.13 , 0.11 ,,
151,MA,MAR,504,Morocco,Morocco,0.56,0.23,0.21,0.35,0.03,0.02,0.97,0.15,0.01,0.45,0.02,0.40, 0.63 , 0.13 , 0.11 ,,
152,MZ,MOZ,508,Mozambique,Mozambique,0.09,0.91,0.00,0.06,0.12,0.00,0.09,0.09,0.91,0.91,0.00,0.00, 0.63 , 0.13 , 0.11 ,,
153,MM,MMR,104,Myanmar,Myanmar,0.03,0.97,0.00,0.02,0.13,0.00,0.03,0.03,0.97,0.97,0.00,0.00, 0.63 , 0.13 , 0.11 ,,
154,NA,NAM,516,Namibia,Namibia,0.88,0.12,0.00,0.56,0.02,0.00,0.88,0.88,0.12,0.12,0.00,0.00, 0.63 , 0.13 , 0.11 ,,
155,NR,NRU,520,Nauru,Nauru,0.04,0.83,0.14,0.02,0.11,0.01,0.04,0.04,0.83,0.83,0.14,0.14, 0.63 , 0.13 , 0.11 ,,
156,NP,NPL,524,Nepal,Nepal,0.53,0.48,0.00,0.33,0.06,0.00,0.80,0.25,0.20,0.75,0.00,0.00, 0.63 , 0.13 , 0.11 ,,
157,NL,NLD,528,the Netherlands,Netherlands,0.00,0.93,0.08,0.00,0.12,0.01,0.00,0.00,1.00,0.85,0.00,0.15, 0.63 , 0.13 , 0.11 ,,
158,NC,NCL,540,New Caledonia,New Caledonia,0.04,0.83,0.14,0.02,0.11,0.01,0.04,0.04,0.83,0.83,0.14,0.14, 0.63 , 0.13 , 0.11 ,,
159,NZ,NZL,554,New Zealand,New Zealand,0.00,0.81,0.19,0.00,0.11,0.02,0.00,0.00,0.94,0.68,0.07,0.32, 0.63 , 0.13 , 0.11 ,,
160,NI,NIC,558,Nicaragua,Nicaragua,0.24,0.76,0.00,0.15,0.10,0.00,0.24,0.24,0.76,0.76,0.00,0.00, 0.63 , 0.13 , 0.11 ,,
161,NE,NER,562,Niger,Niger,0.23,0.00,0.78,0.14,0.00,0.09,0.30,0.15,0.00,0.00,0.70,0.85, 0.63 , 0.13 , 0.11 ,,
162,NG,NGA,566,Nigeria,Nigeria,0.95,0.05,0.00,0.60,0.01,0.00,0.95,0.95,0.05,0.05,0.00,0.00, 0.63 , 0.13 , 0.11 ,,
163,NU,NIU,570,Niue,Niue,0.53,0.38,0.09,0.34,0.05,0.01,0.53,0.53,0.38,0.38,0.09,0.09, 0.63 , 0.13 , 0.11 ,,
164,NF,NFK,574,Norfolk Island,Norfolk Island,0.42,0.56,0.02,0.27,0.08,0.00,0.42,0.42,0.56,0.56,0.02,0.02, 0.63 , 0.13 , 0.11 ,,
165,MP,MNP,580,the Northern Mariana Islands,Northern Mariana Islands,0.53,0.38,0.09,0.34,0.05,0.01,0.53,0.53,0.38,0.38,0.09,0.09, 0.63 , 0.13 , 0.11 ,,
166,NO,NOR,578,Norway,Norway,0.07,0.24,0.70,0.04,0.03,0.08,0.07,0.07,0.24,0.24,0.70,0.70, 0.63 , 0.13 , 0.11 ,,
167,OM,OMN,512,Oman,Oman,0.00,1.00,0.00,0.00,0.13,0.00,0.00,0.00,1.00,1.00,0.00,0.00, 0.63 , 0.13 , 0.11 ,,
168,PK,PAK,586,Pakistan,Pakistan,0.76,0.24,0.00,0.48,0.03,0.00,0.76,0.76,0.24,0.24,0.00,0.00, 0.63 , 0.13 , 0.11 ,,
169,PW,PLW,585,Palau,Palau,0.53,0.38,0.09,0.34,0.05,0.01,0.53,0.53,0.38,0.38,0.09,0.09, 0.63 , 0.13 , 0.11 ,,
170,PS,PSE,275,Occupied Palestinian Territory,"Palestinian Territory, Occupied ",0.70,0.30,0.00,0.44,0.04,0.00,0.70,0.70,0.30,0.30,0.00,0.00, 0.63 , 0.13 , 0.11 ,,
171,PA,PAN,591,Panama,Panama,0.95,0.05,0.00,0.60,0.01,0.00,0.95,0.95,0.05,0.05,0.00,0.00, 0.63 , 0.13 , 0.11 ,,
172,PG,PNG,598,Papua New Guinea,Papua New Guinea,0.68,0.32,0.00,0.43,0.04,0.00,0.68,0.68,0.32,0.32,0.00,0.00, 0.63 , 0.13 , 0.11 ,,
173,PY,PRY,600,Paraguay,Paraguay,0.50,0.00,0.50,0.32,0.00,0.06,0.50,0.50,0.00,0.00,0.50,0.50, 0.63 , 0.13 , 0.11 ,,
174,PE,PER,604,Peru,Peru,0.48,0.18,0.35,0.30,0.02,0.04,0.90,0.05,0.10,0.25,0.00,0.70, 0.63 , 0.13 , 0.11 ,,
175,PH,PHL,608,the Philippines,Philippines,0.00,0.69,0.31,0.00,0.09,0.03,0.00,0.00,0.69,0.69,0.31,0.31, 0.63 , 0.13 , 0.11 ,,
176,PN,PCN,612,Pitcairn,Pitcairn,0.53,0.38,0.09,0.34,0.05,0.01,0.53,0.53,0.38,0.38,0.09,0.09, 0.63 , 0.13 , 0.11 ,,
177,PL,POL,616,Poland,Poland,0.07,0.24,0.70,0.04,0.03,0.08,0.07,0.07,0.24,0.24,0.70,0.70, 0.63 , 0.13 , 0.11 ,,
178,PT,PRT,620,Portugal,Portugal,0.00,0.01,1.00,0.00,0.00,0.11,0.00,0.00,0.01,0.00,0.99,1.00, 0.63 , 0.13 , 0.11 ,,
179,PR,PRI,630,Puerto Rico,Puerto Rico,0.02,0.98,0.00,0.02,0.13,0.00,0.02,0.02,0.98,0.98,0.00,0.00, 0.63 , 0.13 , 0.11 ,,
180,QA,QAT,634,Qatar,Qatar,0.00,1.00,0.00,0.00,0.13,0.00,0.00,0.00,1.00,1.00,0.00,0.00, 0.63 , 0.13 , 0.11 ,,
181,RE,REU,638,Reunion,Reunion,0.53,0.38,0.09,0.34,0.05,0.01,0.53,0.53,0.38,0.38,0.09,0.09, 0.63 , 0.13 , 0.11 ,,
182,RO,ROU,642,Romania,Romania,0.68,0.32,0.00,0.43,0.04,0.00,0.68,0.68,0.32,0.32,0.00,0.00, 0.63 , 0.13 , 0.11 ,,
183,RU,RUS,643,the Russian Federation,Russian Federation,0.39,0.19,0.42,0.25,0.03,0.05,0.39,0.39,0.19,0.19,0.42,0.42, 0.63 , 0.13 , 0.11 ,,
184,RW,RWA,646,Rwanda,Rwanda,0.97,0.04,0.00,0.61,0.00,0.00,0.97,0.97,0.04,0.04,0.00,0.00, 0.63 , 0.13 , 0.11 ,,
185,BL,BLM,652,Saint Barthelemy,Saint Barthelemy,0.60,0.23,0.17,0.38,0.03,0.02,0.60,0.60,0.23,0.23,0.17,0.17, 0.63 , 0.13 , 0.11 ,,
186,SH,SHN,654,Saint Helena,Saint Helena,0.17,0.83,0.00,0.11,0.11,0.00,0.17,0.17,0.83,0.83,0.00,0.00, 0.63 , 0.13 , 0.11 ,,
187,KN,KNA,659,Saint Kitts and Nevis,Saint Kitts and Nevis,0.01,0.79,0.21,0.00,0.11,0.02,0.01,0.01,0.79,0.79,0.21,0.21, 0.63 , 0.13 , 0.11 ,,
188,LC,LCA,662,Saint Lucia,Saint Lucia,0.00,0.87,0.12,0.00,0.12,0.01,0.00,0.00,0.87,0.87,0.12,0.12, 0.63 , 0.13 , 0.11 ,,
189,MF,MAF,663,Saint Martin,Saint Martin (French part),0.60,0.23,0.17,0.38,0.03,0.02,0.60,0.60,0.23,0.23,0.17,0.17, 0.63 , 0.13 , 0.11 ,,
190,PM,SPM,666,Saint Pierre and Miquelon,Saint Pierre and Miquelon,0.00,1.00,0.00,0.00,0.13,0.00,0.00,0.00,1.00,1.00,0.00,0.00, 0.63 , 0.13 , 0.11 ,,
191,VC,VCT,670,Saint Vincent and the Grenadines,Saint Vincent and the Grenadines,0.13,0.57,0.30,0.08,0.08,0.03,0.13,0.13,0.57,0.57,0.30,0.30, 0.63 , 0.13 , 0.11 ,,
192,WS,WSM,882,Samoa,Samoa,0.53,0.38,0.09,0.34,0.05,0.01,0.53,0.53,0.38,0.38,0.09,0.09, 0.63 , 0.13 , 0.11 ,,
193,SM,SMR,674,San Marino,San Marino,0.14,0.62,0.24,0.09,0.08,0.03,0.14,0.14,0.62,0.62,0.24,0.24, 0.63 , 0.13 , 0.11 ,,
194,ST,STP,678,Sao Tome and Principe,Sao Tome and Principe,0.30,0.70,0.00,0.19,0.09,0.00,0.30,0.30,0.70,0.70,0.00,0.00, 0.63 , 0.13 , 0.11 ,,
195,SA,SAU,682,Saudi Arabia,Saudi Arabia,0.00,1.00,0.00,0.00,0.13,0.00,0.00,0.00,1.00,1.00,0.00,0.00, 0.63 , 0.13 , 0.11 ,,
196,SN,SEN,686,Senegal,Senegal,0.98,0.00,0.02,0.62,0.00,0.00,0.98,0.98,0.00,0.00,0.02,0.02, 0.63 , 0.13 , 0.11 ,,
197,RS,SRB,688,Serbia,Serbia,0.58,0.23,0.20,0.37,0.03,0.02,0.58,0.58,0.23,0.23,0.20,0.20, 0.63 , 0.13 , 0.11 ,,
198,SC,SYC,690,the Seychelles,Seychelles,0.00,1.00,0.00,0.00,0.13,0.00,0.00,0.00,1.00,1.00,0.00,0.00, 0.63 , 0.13 , 0.11 ,,
199,SL,SLE,694,Sierra Leone,Sierra Leone,0.95,0.05,0.00,0.60,0.01,0.00,0.95,0.95,0.05,0.05,0.00,0.00, 0.63 , 0.13 , 0.11 ,,
200,SG,SGP,702,Singapore,Singapore,0.00,0.80,0.20,0.00,0.11,0.02,0.00,0.00,0.95,0.65,0.05,0.35, 0.63 , 0.13 , 0.11 ,,
201,SX,SXM,534,Sint Maarten (Dutch part),Sint Maarten (Dutch part),0.60,0.23,0.17,0.38,0.03,0.02,0.60,0.60,0.23,0.23,0.17,0.17, 0.63 , 0.13 , 0.11 ,,
202,SK,SVK,703,Slovakia,Slovakia,0.58,0.23,0.20,0.37,0.03,0.02,0.58,0.58,0.23,0.23,0.20,0.20, 0.63 , 0.13 , 0.11 ,,
203,SI,SVN,705,Slovenia,Slovenia,0.54,0.00,0.45,0.34,0.00,0.05,0.54,0.54,0.00,0.00,0.45,0.45, 0.63 , 0.13 , 0.11 ,,
204,SB,SLB,90,the Solomon Islands,Solomon Islands,0.39,0.52,0.09,0.25,0.07,0.01,0.39,0.39,0.52,0.52,0.09,0.09, 0.63 , 0.13 , 0.11 ,,
205,SO,SOM,706,Somalia,Somalia,0.16,0.81,0.03,0.10,0.11,0.00,0.16,0.16,0.81,0.81,0.03,0.03, 0.63 , 0.13 , 0.11 ,,
206,ZA,ZAF,710,South Africa,South Africa,0.88,0.12,0.00,0.56,0.02,0.00,0.88,0.88,0.12,0.12,0.00,0.00, 0.63 , 0.13 , 0.11 ,,
207,GS,SGS,239,South Georgia and the South Sandwich Islands,South Georgia and the South Sandwich Islands,0.50,0.00,0.50,0.32,0.00,0.06,0.50,0.50,0.00,0.00,0.50,0.50, 0.63 , 0.13 , 0.11 ,,
208,SS,SSD,728,South Sudan,South Sudan,0.80,0.20,0.00,0.51,0.03,0.00,0.80,0.80,0.20,0.20,0.00,0.00, 0.63 , 0.13 , 0.11 ,,
209,ES,ESP,724,Spain,Spain,0.00,0.01,1.00,0.00,0.00,0.11,0.00,0.00,0.01,0.00,0.99,1.00, 0.63 , 0.13 , 0.11 ,,
210,LK,LKA,144,Sri Lanka,Sri Lanka,0.96,0.01,0.03,0.61,0.00,0.00,0.96,0.96,0.01,0.01,0.03,0.03, 0.63 , 0.13 , 0.11 ,,
211,SD,SDN,729,Sudan,Sudan,0.80,0.20,0.00,0.51,0.03,0.00,0.80,0.80,0.20,0.20,0.00,0.00, 0.63 , 0.13 , 0.11 ,,
212,SR,SUR,740,Suriname,Suriname,0.90,0.10,0.00,0.57,0.01,0.00,0.90,0.90,0.10,0.10,0.00,0.00, 0.63 , 0.13 , 0.11 ,,
213,SJ,SJM,744,Svalbard and Jan Mayen,Svalbard and Jan Mayen,0.00,0.93,0.08,0.00,0.12,0.01,0.00,0.00,1.00,0.85,0.00,0.15, 0.63 , 0.13 , 0.11 ,,
214,SZ,SWZ,748,Swaziland,Swaziland,0.12,0.88,0.00,0.08,0.12,0.00,0.12,0.12,0.88,0.88,0.00,0.00, 0.63 , 0.13 , 0.11 ,,
215,SE,SWE,752,Sweden,Sweden,0.00,0.93,0.08,0.00,0.12,0.01,0.00,0.00,1.00,0.85,0.00,0.15, 0.63 , 0.13 , 0.11 ,,
216,CH,CHE,756,Switzerland,Switzerland,0.14,0.62,0.24,0.09,0.08,0.03,0.14,0.14,0.62,0.62,0.24,0.24, 0.63 , 0.13 , 0.11 ,,
217,SY,SYR,760,Syrian Arab Republic,Syrian Arab Republic,0.60,0.40,0.00,0.38,0.05,0.00,0.60,0.60,0.40,0.40,0.00,0.00, 0.63 , 0.13 , 0.11 ,,
218,TW,TWN,158,"Taiwan, Province of China","Taiwan, Province of China",0.02,0.34,0.64,0.01,0.05,0.07,0.02,0.02,0.32,0.36,0.66,0.62, 0.63 , 0.13 , 0.11 ,,
219,TJ,TJK,762,Tajikistan,Tajikistan,0.07,0.24,0.70,0.04,0.03,0.08,0.07,0.07,0.24,0.24,0.70,0.70, 0.63 , 0.13 , 0.11 ,,
220,TZ,TZA,834,the United Republic of Tanzania,"Tanzania, United Republic of",0.48,0.52,0.00,0.31,0.07,0.00,0.48,0.48,0.52,0.52,0.00,0.00, 0.63 , 0.13 , 0.11 ,,
221,TH,THA,764,Thailand,Thailand,0.36,0.21,0.44,0.22,0.03,0.05,0.36,0.36,0.21,0.21,0.44,0.44, 0.63 , 0.13 , 0.11 ,,
222,TL,TLS,626,Timor-Leste,Timor-Leste,0.00,0.80,0.20,0.00,0.11,0.02,0.00,0.00,0.95,0.65,0.05,0.35, 0.63 , 0.13 , 0.11 ,,
223,TG,TGO,768,Togo,Togo,0.99,0.01,0.00,0.63,0.00,0.00,0.99,0.99,0.01,0.01,0.00,0.00, 0.63 , 0.13 , 0.11 ,,
224,TK,TKL,772,Tokelau,Tokelau,0.53,0.38,0.09,0.34,0.05,0.01,0.53,0.53,0.38,0.38,0.09,0.09, 0.63 , 0.13 , 0.11 ,,
225,TO,TON,776,Tonga,Tonga,0.00,1.00,0.00,0.00,0.13,0.00,0.00,0.00,1.00,1.00,0.00,0.00, 0.63 , 0.13 , 0.11 ,,
226,TT,TTO,780,Trinidad and Tobago,Trinidad and Tobago,0.07,0.80,0.12,0.05,0.11,0.01,0.07,0.07,0.80,0.80,0.12,0.12, 0.63 , 0.13 , 0.11 ,,
227,TN,TUN,788,Tunisia,Tunisia,0.23,0.00,0.78,0.14,0.00,0.09,0.30,0.15,0.00,0.00,0.70,0.85, 0.63 , 0.13 , 0.11 ,,
228,TR,TUR,792,Turkey,Turkey,0.49,0.21,0.31,0.31,0.03,0.03,0.60,0.38,0.15,0.26,0.25,0.36, 0.63 , 0.13 , 0.11 ,,
229,TM,TKM,795,Turkmenistan,Turkmenistan,0.48,0.51,0.01,0.31,0.07,0.00,0.59,0.38,0.41,0.60,0.00,0.01, 0.63 , 0.13 , 0.11 ,,
230,TC,TCA,796,the Turks and Caicos Islands,Turks and Caicos Islands,0.13,0.57,0.30,0.08,0.08,0.03,0.13,0.13,0.57,0.57,0.30,0.30, 0.63 , 0.13 , 0.11 ,,
231,TV,TUV,798,Tuvalu,Tuvalu,0.13,0.57,0.30,0.08,0.08,0.03,0.13,0.13,0.57,0.57,0.30,0.30, 0.63 , 0.13 , 0.11 ,,
232,UG,UGA,800,Uganda,Uganda,0.36,0.64,0.00,0.23,0.09,0.00,0.36,0.36,0.64,0.64,0.00,0.00, 0.63 , 0.13 , 0.11 ,,
233,UA,UKR,804,Ukraine,Ukraine,0.61,0.03,0.36,0.39,0.00,0.04,0.61,0.61,0.03,0.03,0.36,0.36, 0.63 , 0.13 , 0.11 ,,
234,AE,ARE,784,the United Arab Emirates,United Arab Emirates,0.00,1.00,0.00,0.00,0.13,0.00,0.00,0.00,1.00,1.00,0.00,0.00, 0.63 , 0.13 , 0.11 ,,
235,GB,GBR,826,the United Kingdom,United Kingdom,0.00,0.93,0.08,0.00,0.12,0.01,0.00,0.00,1.00,0.85,0.00,0.15, 0.63 , 0.13 , 0.11 ,,
236,US,USA,840,the United States,United States,0.05,0.87,0.09,0.03,0.12,0.01,0.05,0.05,0.87,0.87,0.09,0.09, 0.63 , 0.13 , 0.11 ,,
237,UM,UMI,581,the United States Minor Outlying Islands,United States Minor Outlying Islands,0.00,0.90,0.10,0.00,0.12,0.01,0.00,0.00,0.90,0.90,0.10,0.10, 0.63 , 0.13 , 0.11 ,,
238,UY,URY,858,Uruguay,Uruguay,0.50,0.00,0.50,0.32,0.00,0.06,0.50,0.50,0.00,0.00,0.50,0.50, 0.63 , 0.13 , 0.11 ,,
239,UZ,UZB,860,Uzbekistan,Uzbekistan,0.07,0.24,0.70,0.04,0.03,0.08,0.07,0.07,0.24,0.24,0.70,0.70, 0.63 , 0.13 , 0.11 ,,
240,VU,VUT,548,Vanuatu,Vanuatu,0.00,0.86,0.14,0.00,0.12,0.01,0.00,0.00,0.86,0.86,0.14,0.14, 0.63 , 0.13 , 0.11 ,,
241,VE,VEN,862,Venezuela,Venezuela,0.95,0.05,0.00,0.60,0.01,0.00,0.95,0.95,0.05,0.05,0.00,0.00, 0.63 , 0.13 , 0.11 ,,
242,VN,VNM,704,Viet Nam,Viet Nam,0.00,0.80,0.20,0.00,0.11,0.02,0.00,0.00,0.95,0.65,0.05,0.35, 0.63 , 0.13 , 0.11 ,,
243,VG,VGB,92,the British Virgin Islands,"Virgin Islands, British",0.01,0.32,0.67,0.01,0.04,0.07,0.01,0.01,0.32,0.32,0.67,0.67, 0.63 , 0.13 , 0.11 ,,
244,VI,VIR,850,the U.S. Virgin Islands,"Virgin Islands, U.S.",0.02,0.98,0.00,0.02,0.13,0.00,0.02,0.02,0.98,0.98,0.00,0.00, 0.63 , 0.13 , 0.11 ,,
245,WF,WLF,876,Wallis and Futuna,Wallis and Futuna,0.53,0.38,0.09,0.34,0.05,0.01,0.53,0.53,0.38,0.38,0.09,0.09, 0.63 , 0.13 , 0.11 ,,
246,EH,ESH,732,Western Sahara,Western Sahara,0.23,0.00,0.78,0.14,0.00,0.09,0.30,0.15,0.00,0.00,0.70,0.85, 0.63 , 0.13 , 0.11 ,,
247,YE,YEM,887,Yemen,Yemen,0.00,1.00,0.00,0.00,0.13,0.00,0.00,0.00,1.00,1.00,0.00,0.00, 0.63 , 0.13 , 0.11 ,,
248,ZM,ZMB,894,Zambia,Zambia,0.48,0.52,0.00,0.31,0.07,0.00,0.48,0.48,0.52,0.52,0.00,0.00, 0.63 , 0.13 , 0.11 ,,
249,ZW,ZWE,716,Zimbabwe,Zimbabwe,0.88,0.12,0.00,0.56,0.02,0.00,0.88,0.88,0.12,0.12,0.00,0.00, 0.63 , 0.13 , 0.11 ,,
